<annotation>
	<folder>iCloud Photos</folder>
	<filename>IMG_0251.JPEG</filename>
	<path>C:\Users\Vishap\Desktop\iCloud Photos\IMG_0251.JPEG</path>
	<source>
		<database>Unknown</database>
	</source>
	<size>
		<width>1536</width>
		<height>2048</height>
		<depth>3</depth>
	</size>
	<segmented>0</segmented>
	<object>
		<name>door</name>
		<pose>Unspecified</pose>
		<truncated>0</truncated>
		<difficult>0</difficult>
		<bndbox>
			<xmin>327</xmin>
			<ymin>408</ymin>
			<xmax>875</xmax>
			<ymax>1440</ymax>
		</bndbox>
	</object>
	<object>
		<name>lift button</name>
		<pose>Unspecified</pose>
		<truncated>0</truncated>
		<difficult>0</difficult>
		<bndbox>
			<xmin>927</xmin>
			<ymin>859</ymin>
			<xmax>978</xmax>
			<ymax>1021</ymax>
		</bndbox>
	</object>
	<object>
		<name>wheelchair sign</name>
		<pose>Unspecified</pose>
		<truncated>0</truncated>
		<difficult>0</difficult>
		<bndbox>
			<xmin>1078</xmin>
			<ymin>527</ymin>
			<xmax>1178</xmax>
			<ymax>595</ymax>
		</bndbox>
	</object>
	<object>
		<name>caution</name>
		<pose>Unspecified</pose>
		<truncated>0</truncated>
		<difficult>0</difficult>
		<bndbox>
			<xmin>466</xmin>
			<ymin>127</ymin>
			<xmax>572</xmax>
			<ymax>295</ymax>
		</bndbox>
	</object>
	<object>
		<name>wall</name>
		<pose>Unspecified</pose>
		<truncated>0</truncated>
		<difficult>0</difficult>
		<bndbox>
			<xmin>1030</xmin>
			<ymin>624</ymin>
			<xmax>1182</xmax>
			<ymax>1543</ymax>
		</bndbox>
	</object>
	<object>
		<name>staircase railing</name>
		<pose>Unspecified</pose>
		<truncated>1</truncated>
		<difficult>0</difficult>
		<bndbox>
			<xmin>1211</xmin>
			<ymin>914</ymin>
			<xmax>1536</xmax>
			<ymax>1602</ymax>
		</bndbox>
	</object>
	<object>
		<name>floor</name>
		<pose>Unspecified</pose>
		<truncated>0</truncated>
		<difficult>0</difficult>
		<bndbox>
			<xmin>153</xmin>
			<ymin>1230</ymin>
			<xmax>1056</xmax>
			<ymax>2040</ymax>
		</bndbox>
	</object>
	<object>
		<name>floor</name>
		<pose>Unspecified</pose>
		<truncated>1</truncated>
		<difficult>0</difficult>
		<bndbox>
			<xmin>1046</xmin>
			<ymin>1540</ymin>
			<xmax>1536</xmax>
			<ymax>2022</ymax>
		</bndbox>
	</object>
	<object>
		<name>wall</name>
		<pose>Unspecified</pose>
		<truncated>0</truncated>
		<difficult>0</difficult>
		<bndbox>
			<xmin>8</xmin>
			<ymin>208</ymin>
			<xmax>191</xmax>
			<ymax>1250</ymax>
		</bndbox>
	</object>
	<object>
		<name>wall</name>
		<pose>Unspecified</pose>
		<truncated>1</truncated>
		<difficult>0</difficult>
		<bndbox>
			<xmin>91</xmin>
			<ymin>24</ymin>
			<xmax>1536</xmax>
			<ymax>198</ymax>
		</bndbox>
	</object>
	<object>
		<name>wall</name>
		<pose>Unspecified</pose>
		<truncated>0</truncated>
		<difficult>0</difficult>
		<bndbox>
			<xmin>908</xmin>
			<ymin>234</ymin>
			<xmax>1243</xmax>
			<ymax>495</ymax>
		</bndbox>
	</object>
	<object>
		<name>wall</name>
		<pose>Unspecified</pose>
		<truncated>1</truncated>
		<difficult>0</difficult>
		<bndbox>
			<xmin>1</xmin>
			<ymin>1537</ymin>
			<xmax>153</xmax>
			<ymax>2048</ymax>
		</bndbox>
	</object>
</annotation>
