<annotation>
	<folder>Images</folder>
	<filename>IMG_0362.JPEG</filename>
	<path>C:\Users\priya\OneDrive\Desktop\Images\IMG_0362.JPEG</path>
	<source>
		<database>Unknown</database>
	</source>
	<size>
		<width>1330</width>
		<height>2364</height>
		<depth>3</depth>
	</size>
	<segmented>0</segmented>
	<object>
		<name>door</name>
		<pose>Unspecified</pose>
		<truncated>0</truncated>
		<difficult>0</difficult>
		<bndbox>
			<xmin>66</xmin>
			<ymin>307</ymin>
			<xmax>524</xmax>
			<ymax>1596</ymax>
		</bndbox>
	</object>
	<object>
		<name>door</name>
		<pose>Unspecified</pose>
		<truncated>0</truncated>
		<difficult>0</difficult>
		<bndbox>
			<xmin>516</xmin>
			<ymin>575</ymin>
			<xmax>1035</xmax>
			<ymax>1425</ymax>
		</bndbox>
	</object>
</annotation>
